id;nome;email;position;username;password
1;solid;Kody_Ondricka@hotmail.com;copy;Cyprus;Human
2;&;Benton_Hayes23@yahoo.com;orange Falls;Concrete;primary
3;Brand Fantastic;Sherman7@hotmail.com;deposit;Reactive turquoise;Orchestrator Branding Accountability
4;Shirt matrix;Magnus80@hotmail.com;integrate synthesizing Progressive;online Ngultrum Accountability;Granite redundant
5;program disintermediate;Samara3@gmail.com;AI ADP;Account Zimbabwe;Metal turn-key
6;initiatives auxiliary;Paula39@gmail.com;copy;Grocery deposit;transmit Operative transitional
7;Personal;Gladys44@gmail.com;Rubber Hawaii;Fort fresh-thinking;calculating
8;Sausages Customer;Ila_Hermann93@hotmail.com;SQL;Tasty Seamless;auxiliary blockchains
9;Generic invoice RAM;Franco91@hotmail.com;Fresh maximize Account;Minnesota transform;architecture protocol B2B
10;Kids payment;Joey_Dicki@hotmail.com;Tasty Fresh;Concrete Quality;Chicken holistic card
